url,full_title,title,numeric_title,effect,category,is_harmful
https://calorizator.ru/addon/e1xx/e100,E100 Куркумины,куркумины,E100,Считаются полезными,E1xx Красители,0
https://calorizator.ru/addon/e1xx/e101,E101 Рибофлавин (Витамин B2),рибофлавин,E101,Считаются полезными,E1xx Красители,0
https://calorizator.ru/addon/e1xx/e102,E102 Тартразин,тартразин,E102,Опасные для здоровья,E1xx Красители,1
https://calorizator.ru/addon/e1xx/e103,"E103 Алканет, алканин","алканет, алканин",E103,Канцерогенный эффект (вызывает рак),E1xx Красители,1
https://calorizator.ru/addon/e1xx/e104,E104 Жёлтый хинолиновый,жёлтый хинолиновый,E104,Опасные для здоровья,E1xx Красители,1
https://calorizator.ru/addon/e1xx/e105,"E105 Жёлтый прочный AB, жёлтый кислотный G","жёлтый прочный ab, жёлтый кислотный g",E105,Опасные для здоровья,E1xx Красители,1
https://calorizator.ru/addon/e1xx/e106,E106 Рибофлавин-5'-фосфат натрия,рибофлавин-5'-фосфат натрия,E106,Считаются полезными,E1xx Красители,0
https://calorizator.ru/addon/e1xx/e107,E107 Желтый 2G,желтый 2g,E107,Запрещенные,E1xx Красители,1
https://calorizator.ru/addon/e1xx/e110,"E110 Жёлтый Солнечный закат FCF, оранжево-жёлтый S","жёлтый солнечный закат fcf, оранжево-жёлтый s",E110,Опасные для здоровья,E1xx Красители,1
https://calorizator.ru/addon/e1xx/e111,E111 Оранжевый GGN,оранжевый ggn,E111,Опасные для здоровья,E1xx Красители,1
https://calorizator.ru/addon/e1xx/e120,"E120 Кошениль, карминовая кислота, кармин","кошениль, карминовая кислота, кармин",E120,Опасные для здоровья,E1xx Красители,1
https://calorizator.ru/addon/e1xx/e121,E121 Цитрусовый красный 2,цитрусовый красный 2,E121,Канцерогенный эффект (вызывает рак),E1xx Красители,1
https://calorizator.ru/addon/e1xx/e122,"E122 Азорубин, кармуазин","азорубин, кармуазин",E122,Опасные для здоровья,E1xx Красители,1
https://calorizator.ru/addon/e1xx/e123,E123 Амарант,амарант,E123,Опасные для здоровья,E1xx Красители,1
https://calorizator.ru/addon/e1xx/e124,"E124 Понсо 4R (пунцовый 4R), кошенилевый красный А",понсо 4r,E124,Канцерогенный эффект (вызывает рак),E1xx Красители,1
https://calorizator.ru/addon/e1xx/e125,E125 Понсо SX (пунцовый SX),понсо sx,E125,Запрещенные,E1xx Красители,1
https://calorizator.ru/addon/e1xx/e127,E127 Эритрозин,эритрозин,E127,Опасные для здоровья,E1xx Красители,1
https://calorizator.ru/addon/e1xx/e128,E128 Красный 2G,красный 2g,E128,Запрещенные,E1xx Красители,1
https://calorizator.ru/addon/e1xx/e129,E129 Красный очаровательный AC,красный очаровательный ac,E129,Опасные для здоровья,E1xx Красители,1
https://calorizator.ru/addon/e1xx/e130,E130 Синий индантрен RS,синий индантрен rs,E130,Нет данных,E1xx Красители,0
https://calorizator.ru/addon/e1xx/e131,E131 Синий патентованный V,синий патентованный v,E131,Запрещенные,E1xx Красители,1
https://calorizator.ru/addon/e1xx/e132,"E132 Индиготин, индигокармин","индиготин, индигокармин",E132,Нет данных,E1xx Красители,0
https://calorizator.ru/addon/e1xx/e133,E133 Синий блестящий FCF,синий блестящий fcf,E133,Нет данных,E1xx Красители,0
https://calorizator.ru/addon/e1xx/e140,E140 Хлорофилл,хлорофилл,E140,Считаются безвредными,E1xx Красители,0
https://calorizator.ru/addon/e1xx/e141,E141 Медные комплексы хлорофиллов и хлорофиллинов,медные комплексы хлорофиллов и хлорофиллинов,E141,Считаются безвредными,E1xx Красители,0
https://calorizator.ru/addon/e1xx/e142,E142 Зелёный S,зелёный s,E142,Опасные для здоровья,E1xx Красители,1
https://calorizator.ru/addon/e1xx/e143,E143 Зелёный стойкий (прочный) FCF,зелёный стойкий,E143,Опасные для здоровья,E1xx Красители,1
https://calorizator.ru/addon/e1xx/e150,E150 Сахарный колер,сахарный колер,E150,Считаются безвредными,E1xx Красители,0
https://calorizator.ru/addon/e1xx/e150a,E150a Сахарный колер I простой,сахарный колер i простой,E150a,Считаются безвредными,E1xx Красители,0
https://calorizator.ru/addon/e1xx/e150b,"E150b Сахарный колер II, полученный по щелочно-сульфитной технологии","сахарный колер ii, полученный по щелочно-сульфитной технологии",E150b,Считаются безвредными,E1xx Красители,0
https://calorizator.ru/addon/e1xx/e150c,"E150c Сахарный колер III, полученный по аммиачной технологии","сахарный колер iii, полученный по аммиачной технологии",E150c,Считаются безвредными,E1xx Красители,0
https://calorizator.ru/addon/e1xx/e150d,"E150d Сахарный колер IV, полученный по аммиачно-сульфитной технологии","сахарный колер iv, полученный по аммиачно-сульфитной технологии",E150d,Считаются безвредными,E1xx Красители,0
https://calorizator.ru/addon/e1xx/e151,"E151 Чёрный блестящий BN, чёрный PN","чёрный блестящий bn, чёрный pn",E151,Опасные для здоровья,E1xx Красители,1
https://calorizator.ru/addon/e1xx/e152,E152 Чёрный 7984,чёрный 7984,E152,Опасные для здоровья,E1xx Красители,1
https://calorizator.ru/addon/e1xx/e153,"E153 Каменный, древесный уголь","каменный, древесный уголь",E153,Канцерогенный эффект (вызывает рак),E1xx Красители,1
https://calorizator.ru/addon/e1xx/e154,E154 Коричневый FK,коричневый fk,E154,Запрещенные,E1xx Красители,1
https://calorizator.ru/addon/e1xx/e155,E155 Коричневый HT,коричневый ht,E155,Опасные для здоровья,E1xx Красители,1
https://calorizator.ru/addon/e1xx/e160a,"E160a Альфа-, бета-, гамма-каротины","альфа-, бета-, гамма-каротины",E160a,Считаются безвредными,E1xx Красители,0
https://calorizator.ru/addon/e1xx/e160b,"E160b Экстракт аннато, биксин","экстракт аннато, биксин",E160b,Нет данных,E1xx Красители,0
https://calorizator.ru/addon/e1xx/e160c,E160c Маслосмолы паприки (экстракт паприки),маслосмолы паприки,E160c,Нет данных,E1xx Красители,0
https://calorizator.ru/addon/e1xx/e160d,E160d Ликопин,ликопин,E160d,Нет данных,E1xx Красители,0
https://calorizator.ru/addon/e1xx/e160e,E160e Бета-апо-8-каротиновый альдегид (С30),бета-апо-8-каротиновый альдегид,E160e,Нет данных,E1xx Красители,0
https://calorizator.ru/addon/e1xx/e160f,E160f Метиловый или этиловый эфиры бета-апо-8-каротиновой кислоты (С30),метиловый или этиловый эфиры бета-апо-8-каротиновой кислоты,E160f,Нет данных,E1xx Красители,0
https://calorizator.ru/addon/e1xx/e161a,E161a Флавоксантин,флавоксантин,E161a,Не для пищевых продуктов,E1xx Красители,0
https://calorizator.ru/addon/e1xx/e161b,E161b Лютеин,лютеин,E161b,Нет данных,E1xx Красители,0
https://calorizator.ru/addon/e1xx/e161c,E161c Криптоксантин,криптоксантин,E161c,Не для пищевых продуктов,E1xx Красители,0
https://calorizator.ru/addon/e1xx/e161d,E161d Рубиксантин,рубиксантин,E161d,Не для пищевых продуктов,E1xx Красители,0
https://calorizator.ru/addon/e1xx/e161e,E161e Виолоксантин,виолоксантин,E161e,Не для пищевых продуктов,E1xx Красители,0
https://calorizator.ru/addon/e1xx/e161f,E161f Родоксантин,родоксантин,E161f,Не для пищевых продуктов,E1xx Красители,0
https://calorizator.ru/addon/e1xx/e161g,E161g Кантаксантин,кантаксантин,E161g,Нет данных,E1xx Красители,0
https://calorizator.ru/addon/e1xx/e161h,E161h Зеаксантин,зеаксантин,E161h,Нет данных,E1xx Красители,0
https://calorizator.ru/addon/e1xx/e161i,E161i Цитранаксантин,цитранаксантин,E161i,Нет данных,E1xx Красители,0
https://calorizator.ru/addon/e1xx/e161j,E161j Астаксантин,астаксантин,E161j,Нет данных,E1xx Красители,0
https://calorizator.ru/addon/e1xx/e162,E162 Свекольный красный (бетанин),свекольный красный,E162,Считаются безвредными,E1xx Красители,0
https://calorizator.ru/addon/e1xx/e163,E163 Антоцианы,антоцианы,E163,Нет данных,E1xx Красители,0
https://calorizator.ru/addon/e1xx/e164,E164 Шафран,шафран,E164,Нет данных,E1xx Красители,0
https://calorizator.ru/addon/e1xx/e165,E165 Гардения синяя,гардения синяя,E165,Нет данных,E1xx Красители,0
https://calorizator.ru/addon/e1xx/e166,E166 Сандаловое дерево,сандаловое дерево,E166,Нет данных,E1xx Красители,0
https://calorizator.ru/addon/e1xx/e170,E170 Карбонаты кальция (мел),карбонаты кальция,E170,Считаются безвредными,E1xx Красители,0
https://calorizator.ru/addon/e1xx/e171,E171 Диоксид титана,диоксид титана,E171,Нет данных,E1xx Красители,0
https://calorizator.ru/addon/e1xx/e172,E172 Оксиды железа,оксиды железа,E172,Нет данных,E1xx Красители,0
https://calorizator.ru/addon/e1xx/e173,E173 Алюминий,алюминий,E173,Нет данных,E1xx Красители,0
https://calorizator.ru/addon/e1xx/e174,E174 Серебро,серебро,E174,Нет данных,E1xx Красители,0
https://calorizator.ru/addon/e1xx/e175,E175 Золото,золото,E175,Нет данных,E1xx Красители,0
https://calorizator.ru/addon/e1xx/e180,E180 Рубиновый литол ВК,рубиновый литол вк,E180,Опасные для здоровья,E1xx Красители,1
https://calorizator.ru/addon/e1xx/e181,E181 Таннин,таннин,E181,Нет данных,E1xx Красители,0
https://calorizator.ru/addon/e1xx/e182,"E182 Орсель, орсеин","орсель, орсеин",E182,Не для пищевых продуктов,E1xx Красители,0
https://calorizator.ru/addon/e2xx/e200,E200 Сорбиновая кислота,сорбиновая кислота,E200,Нет данных,E2xx Консерванты,0
https://calorizator.ru/addon/e2xx/e201,E201 Сорбат натрия,сорбат натрия,E201,Нет данных,E2xx Консерванты,0
https://calorizator.ru/addon/e2xx/e202,E202 Сорбат калия,сорбат калия,E202,Нет данных,E2xx Консерванты,0
https://calorizator.ru/addon/e2xx/e203,E203 Сорбат кальция,сорбат кальция,E203,Нет данных,E2xx Консерванты,0
https://calorizator.ru/addon/e2xx/e209,E209 Пара-гидроксибензойной кислоты гептиловый эфир,пара-гидроксибензойной кислоты гептиловый эфир,E209,Не для пищевых продуктов,E2xx Консерванты,0
https://calorizator.ru/addon/e2xx/e210,E210 Бензойная кислота,бензойная кислота,E210,Канцерогенный эффект (вызывает рак),E2xx Консерванты,1
https://calorizator.ru/addon/e2xx/e211,E211 Бензоат натрия,бензоат натрия,E211,Канцерогенный эффект (вызывает рак),E2xx Консерванты,1
https://calorizator.ru/addon/e2xx/e212,E212 Бензоат калия,бензоат калия,E212,Канцерогенный эффект (вызывает рак),E2xx Консерванты,1
https://calorizator.ru/addon/e2xx/e213,E213 Бензоат кальция,бензоат кальция,E213,Канцерогенный эффект (вызывает рак),E2xx Консерванты,1
https://calorizator.ru/addon/e2xx/e214,E214 Пара-гидроксибензойной кислоты этиловый эфир,пара-гидроксибензойной кислоты этиловый эфир,E214,Канцерогенный эффект (вызывает рак),E2xx Консерванты,1
https://calorizator.ru/addon/e2xx/e215,E215 Пара-гидроксибензойной кислоты этилового эфира натриевая соль (Этилпарабен),пара-гидроксибензойной кислоты этилового эфира натриевая соль,E215,Канцерогенный эффект (вызывает рак),E2xx Консерванты,1
https://calorizator.ru/addon/e2xx/e216,E216 Пара-оксибензойной кислоты пропиловый эфир (Пропилпарабен),пара-оксибензойной кислоты пропиловый эфир,E216,Канцерогенный эффект (вызывает рак),E2xx Консерванты,1
https://calorizator.ru/addon/e2xx/e217,E217 Пара-оксибензойной кислоты пропилового эфира натриевая соль,пара-оксибензойной кислоты пропилового эфира натриевая соль,E217,Канцерогенный эффект (вызывает рак),E2xx Консерванты,1
https://calorizator.ru/addon/e2xx/e218,E218 Пара-гидроксибензойной кислоты метиловый эфир (Метилпарабен),пара-гидроксибензойной кислоты метиловый эфир,E218,Опасные для здоровья,E2xx Консерванты,1
https://calorizator.ru/addon/e2xx/e219,E219 Пара-гидроксибензойной кислоты метилового эфира натриевая соль,пара-гидроксибензойной кислоты метилового эфира натриевая соль,E219,Канцерогенный эффект (вызывает рак),E2xx Консерванты,1
https://calorizator.ru/addon/e2xx/e220,E220 Диоксид серы,диоксид серы,E220,Опасные для здоровья,E2xx Консерванты,1
https://calorizator.ru/addon/e2xx/e221,E221 Сульфит натрия,сульфит натрия,E221,Нет данных,E2xx Консерванты,0
https://calorizator.ru/addon/e2xx/e222,E222 Гидросульфит натрия,гидросульфит натрия,E222,Нет данных,E2xx Консерванты,0
https://calorizator.ru/addon/e2xx/e223,E223 Пиросульфит натрия (метабисульфит),пиросульфит натрия,E223,Нет данных,E2xx Консерванты,0
https://calorizator.ru/addon/e2xx/e224,E224 Пиросульфит калия (Калий метабисульфит),пиросульфит калия,E224,Опасные для здоровья,E2xx Консерванты,1
https://calorizator.ru/addon/e2xx/e225,E225 Сульфит калия,сульфит калия,E225,Нет данных,E2xx Консерванты,0
https://calorizator.ru/addon/e2xx/e226,E226 Сульфит кальция,сульфит кальция,E226,Нет данных,E2xx Консерванты,0
https://calorizator.ru/addon/e2xx/e227,E227 Гидросульфит кальция,гидросульфит кальция,E227,Нет данных,E2xx Консерванты,0
https://calorizator.ru/addon/e2xx/e228,E228 Гидросульфит калия (бисульфит калия),гидросульфит калия,E228,Опасные для здоровья,E2xx Консерванты,1
https://calorizator.ru/addon/e2xx/e230,"E230 Бифенил, дифенил","бифенил, дифенил",E230,Канцерогенный эффект (вызывает рак),E2xx Консерванты,1
https://calorizator.ru/addon/e2xx/e231,E231 Ортофенилфенол,ортофенилфенол,E231,Нет данных,E2xx Консерванты,0
https://calorizator.ru/addon/e2xx/e232,E232 Ортофенилфенола натриевая соль,ортофенилфенола натриевая соль,E232,Нет данных,E2xx Консерванты,0
https://calorizator.ru/addon/e2xx/e233,E233 Тиабендазол,тиабендазол,E233,Опасные для здоровья,E2xx Консерванты,1
https://calorizator.ru/addon/e2xx/e234,E234 Низин,низин,E234,Нет данных,E2xx Консерванты,0
https://calorizator.ru/addon/e2xx/e235,"E235 Натамицин, пимарицин","натамицин, пимарицин",E235,Нет данных,E2xx Консерванты,0
https://calorizator.ru/addon/e2xx/e236,E236 Муравьиная кислота,муравьиная кислота,E236,Опасные для здоровья,E2xx Консерванты,1
https://calorizator.ru/addon/e2xx/e237,E237 Формиат натрия,формиат натрия,E237,Опасные для здоровья,E2xx Консерванты,1
https://calorizator.ru/addon/e2xx/e238,E238 Формиат кальция,формиат кальция,E238,Нет данных,E2xx Консерванты,0
https://calorizator.ru/addon/e2xx/e239,E239 Гексаметилентетрамин,гексаметилентетрамин,E239,Опасные для здоровья,E2xx Консерванты,1
https://calorizator.ru/addon/e2xx/e240,E240 Формальдегид,формальдегид,E240,Канцерогенный эффект (вызывает рак),E2xx Консерванты,1
https://calorizator.ru/addon/e2xx/e241,E241 Гваяковая смола,гваяковая смола,E241,Не для пищевых продуктов,E2xx Консерванты,0
https://calorizator.ru/addon/e2xx/e242,E242 Диметилдикарбонат,диметилдикарбонат,E242,Нет данных,E2xx Консерванты,0
https://calorizator.ru/addon/e2xx/e249,E249 Нитрит калия,нитрит калия,E249,Канцерогенный эффект (вызывает рак),E2xx Консерванты,1
https://calorizator.ru/addon/e2xx/e250,E250 Нитрит натрия,нитрит натрия,E250,Канцерогенный эффект (вызывает рак),E2xx Консерванты,1
https://calorizator.ru/addon/e2xx/e251,E251 Нитрат натрия,нитрат натрия,E251,Канцерогенный эффект (вызывает рак),E2xx Консерванты,1
https://calorizator.ru/addon/e2xx/e252,E252 Нитрат калия,нитрат калия,E252,Канцерогенный эффект (вызывает рак),E2xx Консерванты,1
https://calorizator.ru/addon/e2xx/e260,E260 Уксусная кислота,уксусная кислота,E260,Нет данных,E2xx Консерванты,0
https://calorizator.ru/addon/e2xx/e261,E261 Ацетаты калия,ацетаты калия,E261,Нет данных,E2xx Консерванты,0
https://calorizator.ru/addon/e2xx/e262,E262 Ацетаты натрия,ацетаты натрия,E262,Нет данных,E2xx Консерванты,0
https://calorizator.ru/addon/e2xx/e263,E263 Ацетат кальция,ацетат кальция,E263,Нет данных,E2xx Консерванты,0
https://calorizator.ru/addon/e2xx/e264,E264 Ацетат аммония,ацетат аммония,E264,Нет данных,E2xx Консерванты,0
https://calorizator.ru/addon/e2xx/e265,E265 Дегидроацетовая кислота,дегидроацетовая кислота,E265,Считаются безвредными,E2xx Консерванты,0
https://calorizator.ru/addon/e2xx/e266,E266 Дегидроацетат натрия,дегидроацетат натрия,E266,Нет данных,E2xx Консерванты,0
https://calorizator.ru/addon/e2xx/e270,E270 Молочная кислота,молочная кислота,E270,Считаются безвредными,E2xx Консерванты,0
https://calorizator.ru/addon/e2xx/e280,E280 Пропионовая кислота,пропионовая кислота,E280,Нет данных,E2xx Консерванты,0
https://calorizator.ru/addon/e2xx/e281,E281 Пропионат натрия,пропионат натрия,E281,Нет данных,E2xx Консерванты,0
https://calorizator.ru/addon/e2xx/e282,E282 Пропионат кальция,пропионат кальция,E282,Нет данных,E2xx Консерванты,0
https://calorizator.ru/addon/e2xx/e283,E283 Пропионат калия,пропионат калия,E283,Нет данных,E2xx Консерванты,0
https://calorizator.ru/addon/e2xx/e284,E284 Борная кислота,борная кислота,E284,Запрещенные,E2xx Консерванты,1
https://calorizator.ru/addon/e2xx/e285,E285 Тетраборат натрия (бура),тетраборат натрия,E285,Нет данных,E2xx Консерванты,0
https://calorizator.ru/addon/e2xx/e290,E290 Диоксид углерода,диоксид углерода,E290,Считаются безвредными,E2xx Консерванты,0
https://calorizator.ru/addon/e2xx/e296,E296 Яблочная кислота,яблочная кислота,E296,Считаются безвредными,E2xx Консерванты,0
https://calorizator.ru/addon/e2xx/e297,E297 Фумаровая кислота,фумаровая кислота,E297,Считаются безвредными,E2xx Консерванты,0
https://calorizator.ru/addon/e3xx/e300,E300 Аскорбиновая кислота (Витамин С),аскорбиновая кислота,E300,Считаются полезными,E3xx Антиокислители (антиоксиданты),0
https://calorizator.ru/addon/e3xx/e301,E301 Аскорбат натрия,аскорбат натрия,E301,Нет данных,E3xx Антиокислители (антиоксиданты),0
https://calorizator.ru/addon/e3xx/e302,E302 Аскорбат кальция,аскорбат кальция,E302,Нет данных,E3xx Антиокислители (антиоксиданты),0
https://calorizator.ru/addon/e3xx/e303,E303 Аскорбат калия,аскорбат калия,E303,Нет данных,E3xx Антиокислители (антиоксиданты),0
https://calorizator.ru/addon/e3xx/e304,E304 Cложный эфир жирной кислоты аскорбиновой кислоты (i) Аскорбилпальмитат,cложный эфир жирной кислоты аскорбиновой кислоты,E304,Нет данных,E3xx Антиокислители (антиоксиданты),0
https://calorizator.ru/addon/e3xx/e305,E305 Cложный эфир жирной кислоты аскорбиновой кислоты (ii) Аскорбилстеарат,cложный эфир жирной кислоты аскорбиновой кислоты,E305,Нет данных,E3xx Антиокислители (антиоксиданты),0
https://calorizator.ru/addon/e3xx/e306,E306 Концентрат смеси токоферолов,концентрат смеси токоферолов,E306,Считаются полезными,E3xx Антиокислители (антиоксиданты),0
https://calorizator.ru/addon/e3xx/e307,E307 Альфа-токоферол синтетический (Витамин E),альфа-токоферол синтетический,E307,Считаются безвредными,E3xx Антиокислители (антиоксиданты),0
https://calorizator.ru/addon/e3xx/e308,E308 Гамма-токоферол синтетический,гамма-токоферол синтетический,E308,Считаются безвредными,E3xx Антиокислители (антиоксиданты),0
https://calorizator.ru/addon/e3xx/e309,E309 Дельта-токоферол синтетический,дельта-токоферол синтетический,E309,Запрещенные,E3xx Антиокислители (антиоксиданты),1
https://calorizator.ru/addon/e3xx/e310,E310 Пропилгаллат,пропилгаллат,E310,Нет данных,E3xx Антиокислители (антиоксиданты),0
https://calorizator.ru/addon/e3xx/e311,E311 Октилгаллат,октилгаллат,E311,Нет данных,E3xx Антиокислители (антиоксиданты),0
https://calorizator.ru/addon/e3xx/e312,E312 Додецилгаллат,додецилгаллат,E312,Нет данных,E3xx Антиокислители (антиоксиданты),0
https://calorizator.ru/addon/e3xx/e313,E313 Этилгаллат,этилгаллат,E313,Нет данных,E3xx Антиокислители (антиоксиданты),0
https://calorizator.ru/addon/e3xx/e314,E314 Гваяковая резина,гваяковая резина,E314,Нет данных,E3xx Антиокислители (антиоксиданты),0
https://calorizator.ru/addon/e3xx/e315,E315 Эриторбовая кислота,эриторбовая кислота,E315,Нет данных,E3xx Антиокислители (антиоксиданты),0
https://calorizator.ru/addon/e3xx/e316,E316 Эриторбат натрия,эриторбат натрия,E316,Нет данных,E3xx Антиокислители (антиоксиданты),0
https://calorizator.ru/addon/e3xx/e317,E317 Эриторбат калия,эриторбат калия,E317,Нет данных,E3xx Антиокислители (антиоксиданты),0
https://calorizator.ru/addon/e3xx/e318,E318 Эритробат кальция,эритробат кальция,E318,Нет данных,E3xx Антиокислители (антиоксиданты),0
https://calorizator.ru/addon/e3xx/e319,E319 Терт-бутилгидрохинон,терт-бутилгидрохинон,E319,Нет данных,E3xx Антиокислители (антиоксиданты),0
https://calorizator.ru/addon/e3xx/e320,E320 Бутилгидроксианизол,бутилгидроксианизол,E320,Нет данных,E3xx Антиокислители (антиоксиданты),0
https://calorizator.ru/addon/e3xx/e321,E321 Бутилгидрокситолуол,бутилгидрокситолуол,E321,Нет данных,E3xx Антиокислители (антиоксиданты),0
https://calorizator.ru/addon/e3xx/e322,E322 Лецитин,лецитин,E322,Нет данных,E3xx Антиокислители (антиоксиданты),0
https://calorizator.ru/addon/e3xx/e323,E323 Аноксомер,аноксомер,E323,Нет данных,E3xx Антиокислители (антиоксиданты),0
https://calorizator.ru/addon/e3xx/e324,E324 Этоксихин,этоксихин,E324,Нет данных,E3xx Антиокислители (антиоксиданты),0
https://calorizator.ru/addon/e3xx/e325,E325 Лактат натрия,лактат натрия,E325,Нет данных,E3xx Антиокислители (антиоксиданты),0
https://calorizator.ru/addon/e3xx/e326,E326 Лактат калия,лактат калия,E326,Нет данных,E3xx Антиокислители (антиоксиданты),0
https://calorizator.ru/addon/e3xx/e327,E327 Лактат кальция,лактат кальция,E327,Нет данных,E3xx Антиокислители (антиоксиданты),0
https://calorizator.ru/addon/e3xx/e328,E328 Лактат аммония,лактат аммония,E328,Нет данных,E3xx Антиокислители (антиоксиданты),0
https://calorizator.ru/addon/e3xx/e329,E329 Лактат магния,лактат магния,E329,Нет данных,E3xx Антиокислители (антиоксиданты),0
https://calorizator.ru/addon/e3xx/e330,E330 Лимонная кислота,лимонная кислота,E330,Считаются безвредными,E3xx Антиокислители (антиоксиданты),0
https://calorizator.ru/addon/e3xx/e331,E331 Цитраты натрия,цитраты натрия,E331,Нет данных,E3xx Антиокислители (антиоксиданты),0
https://calorizator.ru/addon/e3xx/e332,E332 Цитраты калия,цитраты калия,E332,Нет данных,E3xx Антиокислители (антиоксиданты),0
https://calorizator.ru/addon/e3xx/e333,E333 Цитраты кальция,цитраты кальция,E333,Нет данных,E3xx Антиокислители (антиоксиданты),0
https://calorizator.ru/addon/e3xx/e334,E334 Винная кислота,винная кислота,E334,Нет данных,E3xx Антиокислители (антиоксиданты),0
https://calorizator.ru/addon/e3xx/e335,E335 Тартраты натрия,тартраты натрия,E335,Нет данных,E3xx Антиокислители (антиоксиданты),0
https://calorizator.ru/addon/e3xx/e336,E336 Тартраты калия,тартраты калия,E336,Нет данных,E3xx Антиокислители (антиоксиданты),0
https://calorizator.ru/addon/e3xx/e337,E337 Тартрат калия-натрия,тартрат калия-натрия,E337,Нет данных,E3xx Антиокислители (антиоксиданты),0
https://calorizator.ru/addon/e3xx/e338,E338 Ортофосфорная кислота,ортофосфорная кислота,E338,Нет данных,E3xx Антиокислители (антиоксиданты),0
https://calorizator.ru/addon/e3xx/e339,E339 Ортофосфаты натрия,ортофосфаты натрия,E339,Нет данных,E3xx Антиокислители (антиоксиданты),0
https://calorizator.ru/addon/e3xx/e340,E340 Ортофосфаты калия,ортофосфаты калия,E340,Нет данных,E3xx Антиокислители (антиоксиданты),0
https://calorizator.ru/addon/e3xx/e341,E341 Ортофосфаты кальция,ортофосфаты кальция,E341,Нет данных,E3xx Антиокислители (антиоксиданты),0
https://calorizator.ru/addon/e3xx/e342,E342 Ортофосфаты аммония,ортофосфаты аммония,E342,Нет данных,E3xx Антиокислители (антиоксиданты),0
https://calorizator.ru/addon/e3xx/e343,E343 Ортофосфаты магния,ортофосфаты магния,E343,Нет данных,E3xx Антиокислители (антиоксиданты),0
https://calorizator.ru/addon/e3xx/e344,E344 Цитрат лецитина,цитрат лецитина,E344,Нет данных,E3xx Антиокислители (антиоксиданты),0
https://calorizator.ru/addon/e3xx/e345,E345 Цитрат магния,цитрат магния,E345,Нет данных,E3xx Антиокислители (антиоксиданты),0
https://calorizator.ru/addon/e3xx/e349,E349 Малат аммония,малат аммония,E349,Нет данных,E3xx Антиокислители (антиоксиданты),0
https://calorizator.ru/addon/e3xx/e350,E350 Малаты натрия,малаты натрия,E350,Нет данных,E3xx Антиокислители (антиоксиданты),0
https://calorizator.ru/addon/e3xx/e351,E351 Малаты калия,малаты калия,E351,Нет данных,E3xx Антиокислители (антиоксиданты),0
https://calorizator.ru/addon/e3xx/e352,E352 Малаты кальция,малаты кальция,E352,Нет данных,E3xx Антиокислители (антиоксиданты),0
https://calorizator.ru/addon/e3xx/e353,E353 Мета-винная кислота,мета-винная кислота,E353,Нет данных,E3xx Антиокислители (антиоксиданты),0
https://calorizator.ru/addon/e3xx/e354,E354 Тартрат кальция,тартрат кальция,E354,Нет данных,E3xx Антиокислители (антиоксиданты),0
https://calorizator.ru/addon/e3xx/e355,E355 Адипиновая кислота,адипиновая кислота,E355,Нет данных,E3xx Антиокислители (антиоксиданты),0
https://calorizator.ru/addon/e3xx/e356,E356 Адипат натрия,адипат натрия,E356,Нет данных,E3xx Антиокислители (антиоксиданты),0
https://calorizator.ru/addon/e3xx/e357,E357 Адипат калия,адипат калия,E357,Нет данных,E3xx Антиокислители (антиоксиданты),0
https://calorizator.ru/addon/e3xx/e359,E359 Адипат аммония,адипат аммония,E359,Нет данных,E3xx Антиокислители (антиоксиданты),0
https://calorizator.ru/addon/e3xx/e363,E363 Янтарная кислота,янтарная кислота,E363,Нет данных,E3xx Антиокислители (антиоксиданты),0
https://calorizator.ru/addon/e3xx/e365,E365 Фумарат натрия,фумарат натрия,E365,Нет данных,E3xx Антиокислители (антиоксиданты),0
https://calorizator.ru/addon/e3xx/e366,E366 Фумарат калия,фумарат калия,E366,Нет данных,E3xx Антиокислители (антиоксиданты),0
https://calorizator.ru/addon/e3xx/e367,E367 Фумарат кальция,фумарат кальция,E367,Нет данных,E3xx Антиокислители (антиоксиданты),0
https://calorizator.ru/addon/e3xx/e368,E368 Фумарат аммония,фумарат аммония,E368,Нет данных,E3xx Антиокислители (антиоксиданты),0
https://calorizator.ru/addon/e3xx/e370,E370 Гептонолактон,гептонолактон,E370,Нет данных,E3xx Антиокислители (антиоксиданты),0
https://calorizator.ru/addon/e3xx/e375,"E375 Никотиновая кислота (Ниацин, витамин B3, витамин PP)",никотиновая кислота,E375,Не для пищевых продуктов,E3xx Антиокислители (антиоксиданты),0
https://calorizator.ru/addon/e3xx/e380,E380 Цитраты аммония,цитраты аммония,E380,Нет данных,E3xx Антиокислители (антиоксиданты),0
https://calorizator.ru/addon/e3xx/e381,E381 Цитраты аммония железа,цитраты аммония железа,E381,Нет данных,E3xx Антиокислители (антиоксиданты),0
https://calorizator.ru/addon/e3xx/e383,E383 Глицерофосфат кальция,глицерофосфат кальция,E383,Нет данных,E3xx Антиокислители (антиоксиданты),0
https://calorizator.ru/addon/e3xx/e384,E384 Изопропилцитратная смесь,изопропилцитратная смесь,E384,Нет данных,E3xx Антиокислители (антиоксиданты),0
https://calorizator.ru/addon/e3xx/e385,E385 Этилендиаминтетраацетат кальция-натрия,этилендиаминтетраацетат кальция-натрия,E385,Нет данных,E3xx Антиокислители (антиоксиданты),0
https://calorizator.ru/addon/e3xx/e386,E386 Динатриевая соль этилендиаминтетрауксусной кислоты,динатриевая соль этилендиаминтетрауксусной кислоты,E386,Нет данных,E3xx Антиокислители (антиоксиданты),0
https://calorizator.ru/addon/e3xx/e387,E387 Оксистеарин,оксистеарин,E387,Нет данных,E3xx Антиокислители (антиоксиданты),0
https://calorizator.ru/addon/e3xx/e388,E388 Тиопропионовая кислота,тиопропионовая кислота,E388,Нет данных,E3xx Антиокислители (антиоксиданты),0
https://calorizator.ru/addon/e3xx/e389,E389 Дилаурил тиодипропионат,дилаурил тиодипропионат,E389,Нет данных,E3xx Антиокислители (антиоксиданты),0
https://calorizator.ru/addon/e3xx/e390,E390 Дистеарил тиодипропионат,дистеарил тиодипропионат,E390,Нет данных,E3xx Антиокислители (антиоксиданты),0
https://calorizator.ru/addon/e3xx/e391,E391 Фитиновая кислота,фитиновая кислота,E391,Не для пищевых продуктов,E3xx Антиокислители (антиоксиданты),0
https://calorizator.ru/addon/e3xx/e399,E399 Лактобионат кальция,лактобионат кальция,E399,Запрещенные,E3xx Антиокислители (антиоксиданты),1
https://calorizator.ru/addon/e4xx/e400,E400 Альгиновая кислота,альгиновая кислота,E400,Нет данных,"E4xx Стабилизаторы, загустители, эмульгаторы",0
https://calorizator.ru/addon/e4xx/e401,E401 Альгинат натрия,альгинат натрия,E401,Нет данных,"E4xx Стабилизаторы, загустители, эмульгаторы",0
https://calorizator.ru/addon/e4xx/e402,E402 Альгинат калия,альгинат калия,E402,Нет данных,"E4xx Стабилизаторы, загустители, эмульгаторы",0
https://calorizator.ru/addon/e4xx/e403,E403 Альгинат аммония,альгинат аммония,E403,Нет данных,"E4xx Стабилизаторы, загустители, эмульгаторы",0
https://calorizator.ru/addon/e4xx/e404,E404 Альгинат кальция,альгинат кальция,E404,Нет данных,"E4xx Стабилизаторы, загустители, эмульгаторы",0
https://calorizator.ru/addon/e4xx/e405,E405 Альгинат пропиленгликоля,альгинат пропиленгликоля,E405,Нет данных,"E4xx Стабилизаторы, загустители, эмульгаторы",0
https://calorizator.ru/addon/e4xx/e406,E406 Агар,агар,E406,Нет данных,"E4xx Стабилизаторы, загустители, эмульгаторы",0
https://calorizator.ru/addon/e4xx/e407,E407 Каррагинаны,каррагинаны,E407,Нет данных,"E4xx Стабилизаторы, загустители, эмульгаторы",0
https://calorizator.ru/addon/e4xx/e407a,E407a Каррагинан из водорослей Euchema,каррагинан из водорослей euchema,E407a,Нет данных,"E4xx Стабилизаторы, загустители, эмульгаторы",0
https://calorizator.ru/addon/e4xx/e408,E408 Гликан пекарских дрожжей,гликан пекарских дрожжей,E408,Нет данных,"E4xx Стабилизаторы, загустители, эмульгаторы",0
https://calorizator.ru/addon/e4xx/e409,E409 Арабиногалактан,арабиногалактан,E409,Нет данных,"E4xx Стабилизаторы, загустители, эмульгаторы",0
https://calorizator.ru/addon/e4xx/e410,E410 Камедь рожкового дерева,камедь рожкового дерева,E410,Нет данных,"E4xx Стабилизаторы, загустители, эмульгаторы",0
https://calorizator.ru/addon/e4xx/e411,E411 Овсяная камедь,овсяная камедь,E411,Нет данных,"E4xx Стабилизаторы, загустители, эмульгаторы",0
https://calorizator.ru/addon/e4xx/e412,E412 Гуаровая камедь,гуаровая камедь,E412,Нет данных,"E4xx Стабилизаторы, загустители, эмульгаторы",0
https://calorizator.ru/addon/e4xx/e413,E413 Трагакантовая камедь,трагакантовая камедь,E413,Считаются безвредными,"E4xx Стабилизаторы, загустители, эмульгаторы",0
https://calorizator.ru/addon/e4xx/e414,E414 Гуммиарабик,гуммиарабик,E414,Нет данных,"E4xx Стабилизаторы, загустители, эмульгаторы",0
https://calorizator.ru/addon/e4xx/e415,E415 Ксантановая камедь,ксантановая камедь,E415,Нет данных,"E4xx Стабилизаторы, загустители, эмульгаторы",0
https://calorizator.ru/addon/e4xx/e416,E416 Камедь карайи,камедь карайи,E416,Нет данных,"E4xx Стабилизаторы, загустители, эмульгаторы",0
https://calorizator.ru/addon/e4xx/e417,E417 Камедь тары,камедь тары,E417,Нет данных,"E4xx Стабилизаторы, загустители, эмульгаторы",0
https://calorizator.ru/addon/e4xx/e418,E418 Геллановая камедь,геллановая камедь,E418,Нет данных,"E4xx Стабилизаторы, загустители, эмульгаторы",0
https://calorizator.ru/addon/e4xx/e419,E419 Камедь гхатти,камедь гхатти,E419,Нет данных,"E4xx Стабилизаторы, загустители, эмульгаторы",0
https://calorizator.ru/addon/e4xx/e420,"E420 Сорбит, сорбитовый сироп","сорбит, сорбитовый сироп",E420,Считаются безвредными,"E4xx Стабилизаторы, загустители, эмульгаторы",0
https://calorizator.ru/addon/e4xx/e421,E421 Маннит,маннит,E421,Нет данных,"E4xx Стабилизаторы, загустители, эмульгаторы",0
https://calorizator.ru/addon/e4xx/e422,E422 Глицерин,глицерин,E422,Нет данных,"E4xx Стабилизаторы, загустители, эмульгаторы",0
https://calorizator.ru/addon/e4xx/e424,E424 Курдлан,курдлан,E424,Нет данных,"E4xx Стабилизаторы, загустители, эмульгаторы",0
https://calorizator.ru/addon/e4xx/e425,E425 Конжак (Конжаковая мука),конжак,E425,Нет данных,"E4xx Стабилизаторы, загустители, эмульгаторы",0
https://calorizator.ru/addon/e4xx/e426,E426 Гемицеллюлоза сои,гемицеллюлоза сои,E426,Нет данных,"E4xx Стабилизаторы, загустители, эмульгаторы",0
https://calorizator.ru/addon/e4xx/e429,E429 Пептоны,пептоны,E429,Нет данных,"E4xx Стабилизаторы, загустители, эмульгаторы",0
https://calorizator.ru/addon/e4xx/e430,E430 Полиоксиэтилен 8 стеарат,полиоксиэтилен 8 стеарат,E430,Нет данных,"E4xx Стабилизаторы, загустители, эмульгаторы",0
https://calorizator.ru/addon/e4xx/e431,E431 Полиоксиэтилен 40 стеарат,полиоксиэтилен 40 стеарат,E431,Нет данных,"E4xx Стабилизаторы, загустители, эмульгаторы",0
https://calorizator.ru/addon/e4xx/e432,"E432 Полиоксиэтилен 20 сорбитан монолаурат, твин 20","полиоксиэтилен 20 сорбитан монолаурат, твин 20",E432,Нет данных,"E4xx Стабилизаторы, загустители, эмульгаторы",0
https://calorizator.ru/addon/e4xx/e433,"E433 Полиоксиэтилен 20 сорбитан моноолеат, твин 80","полиоксиэтилен 20 сорбитан моноолеат, твин 80",E433,Нет данных,"E4xx Стабилизаторы, загустители, эмульгаторы",0
https://calorizator.ru/addon/e4xx/e434,"E434 Полиоксиэтилен 20 сорбитан монопальмитат, твин 40","полиоксиэтилен 20 сорбитан монопальмитат, твин 40",E434,Нет данных,"E4xx Стабилизаторы, загустители, эмульгаторы",0
https://calorizator.ru/addon/e4xx/e435,"E435 Полиоксиэтилен 20 сорбитан моностеарат, твин 60","полиоксиэтилен 20 сорбитан моностеарат, твин 60",E435,Нет данных,"E4xx Стабилизаторы, загустители, эмульгаторы",0
https://calorizator.ru/addon/e4xx/e436,"E436 Полиоксиэтилен 20 сорбитан тристеарат, твин 65","полиоксиэтилен 20 сорбитан тристеарат, твин 65",E436,Нет данных,"E4xx Стабилизаторы, загустители, эмульгаторы",0
https://calorizator.ru/addon/e4xx/e440,E440 Пектины,пектины,E440,Считаются безвредными,"E4xx Стабилизаторы, загустители, эмульгаторы",0
https://calorizator.ru/addon/e4xx/e441,E441 Желатин,желатин,E441,Нет данных,"E4xx Стабилизаторы, загустители, эмульгаторы",0
https://calorizator.ru/addon/e4xx/e442,E442 Аммонийные соли фосфатидиловой кислоты,аммонийные соли фосфатидиловой кислоты,E442,Нет данных,"E4xx Стабилизаторы, загустители, эмульгаторы",0
https://calorizator.ru/addon/e4xx/e443,E443 Бромированное растительное масло,бромированное растительное масло,E443,Запрещенные,"E4xx Стабилизаторы, загустители, эмульгаторы",1
https://calorizator.ru/addon/e4xx/e444,E444 Сахарозы ацетат изобутират,сахарозы ацетат изобутират,E444,Нет данных,"E4xx Стабилизаторы, загустители, эмульгаторы",0
https://calorizator.ru/addon/e4xx/e445,E445 Эфиры глицерина и смоляных кислот,эфиры глицерина и смоляных кислот,E445,Нет данных,"E4xx Стабилизаторы, загустители, эмульгаторы",0
https://calorizator.ru/addon/e4xx/e446,E446 Сукцистеарин,сукцистеарин,E446,Нет данных,"E4xx Стабилизаторы, загустители, эмульгаторы",0
https://calorizator.ru/addon/e4xx/e450,E450 Пирофосфаты (дифосфаты),пирофосфаты,E450,Нет данных,"E4xx Стабилизаторы, загустители, эмульгаторы",0
https://calorizator.ru/addon/e4xx/e451,E451 Трифосфаты,трифосфаты,E451,Нет данных,"E4xx Стабилизаторы, загустители, эмульгаторы",0
https://calorizator.ru/addon/e4xx/e452,E452 Полифосфаты,полифосфаты,E452,Нет данных,"E4xx Стабилизаторы, загустители, эмульгаторы",0
https://calorizator.ru/addon/e4xx/e459,E459 Бета-циклодекстрин,бета-циклодекстрин,E459,Нет данных,"E4xx Стабилизаторы, загустители, эмульгаторы",0
https://calorizator.ru/addon/e4xx/e460,E460 Целлюлоза,целлюлоза,E460,Считаются безвредными,"E4xx Стабилизаторы, загустители, эмульгаторы",0
https://calorizator.ru/addon/e4xx/e461,E461 Метилцеллюлоза,метилцеллюлоза,E461,Нет данных,"E4xx Стабилизаторы, загустители, эмульгаторы",0
https://calorizator.ru/addon/e4xx/e462,E462 Этилцеллюлоза,этилцеллюлоза,E462,Нет данных,"E4xx Стабилизаторы, загустители, эмульгаторы",0
https://calorizator.ru/addon/e4xx/e463,E463 Гидроксипропилцеллюлоза,гидроксипропилцеллюлоза,E463,Нет данных,"E4xx Стабилизаторы, загустители, эмульгаторы",0
https://calorizator.ru/addon/e4xx/e464,E464 Гидроксипропилметилцеллюлоза,гидроксипропилметилцеллюлоза,E464,Нет данных,"E4xx Стабилизаторы, загустители, эмульгаторы",0
https://calorizator.ru/addon/e4xx/e465,E465 Метилэтилцеллюлоза,метилэтилцеллюлоза,E465,Нет данных,"E4xx Стабилизаторы, загустители, эмульгаторы",0
https://calorizator.ru/addon/e4xx/e466,E466 Натрий-карбоксиметилцеллюлоза,натрий-карбоксиметилцеллюлоза,E466,Нет данных,"E4xx Стабилизаторы, загустители, эмульгаторы",0
https://calorizator.ru/addon/e4xx/e467,E467 Этилгидроксиэтилцеллюлоза,этилгидроксиэтилцеллюлоза,E467,Нет данных,"E4xx Стабилизаторы, загустители, эмульгаторы",0
https://calorizator.ru/addon/e4xx/e468,E468 Кроскарамеллоза,кроскарамеллоза,E468,Нет данных,"E4xx Стабилизаторы, загустители, эмульгаторы",0
https://calorizator.ru/addon/e4xx/e469,E469 Карбоксиметилцеллюлоза ферментативно гидролизованная,карбоксиметилцеллюлоза ферментативно гидролизованная,E469,Нет данных,"E4xx Стабилизаторы, загустители, эмульгаторы",0
https://calorizator.ru/addon/e4xx/e470,E470 Cоли жирных кислот,cоли жирных кислот,E470,Нет данных,"E4xx Стабилизаторы, загустители, эмульгаторы",0
https://calorizator.ru/addon/e4xx/e470a,"E470a Соли жирных кислот натрия, калия и кальция","соли жирных кислот натрия, калия и кальция",E470a,Нет данных,"E4xx Стабилизаторы, загустители, эмульгаторы",0
https://calorizator.ru/addon/e4xx/e470b,E470b Соли жирных кислот магния,соли жирных кислот магния,E470b,Нет данных,"E4xx Стабилизаторы, загустители, эмульгаторы",0
https://calorizator.ru/addon/e4xx/e471,E471 Моно- и диглицериды жирных кислот,моно- и диглицериды жирных кислот,E471,Нет данных,"E4xx Стабилизаторы, загустители, эмульгаторы",0
https://calorizator.ru/addon/e4xx/e472,E472 Эфиры и глицериды кислот,эфиры и глицериды кислот,E472,Считаются безвредными,"E4xx Стабилизаторы, загустители, эмульгаторы",0
https://calorizator.ru/addon/e4xx/e472a,E472a Эфиры уксусной кислоты моно- и диглицеридов жирных кислот,эфиры уксусной кислоты моно- и диглицеридов жирных кислот,E472a,Считаются безвредными,"E4xx Стабилизаторы, загустители, эмульгаторы",0
https://calorizator.ru/addon/e4xx/e472b,E472b Эфиры молочной кислоты моно- и диглицеридов жирных кислот,эфиры молочной кислоты моно- и диглицеридов жирных кислот,E472b,Считаются безвредными,"E4xx Стабилизаторы, загустители, эмульгаторы",0
https://calorizator.ru/addon/e4xx/e472c,E472c Эфиры лимонной кислоты моно- и диглицеридов жирных кислот,эфиры лимонной кислоты моно- и диглицеридов жирных кислот,E472c,Считаются безвредными,"E4xx Стабилизаторы, загустители, эмульгаторы",0
https://calorizator.ru/addon/e4xx/e472d,E472d Эфиры винной кислоты моно- и диглицеридов жирных кислот,эфиры винной кислоты моно- и диглицеридов жирных кислот,E472d,Считаются безвредными,"E4xx Стабилизаторы, загустители, эмульгаторы",0
https://calorizator.ru/addon/e4xx/e472e,E472e Моно- и диацетил эфиры винной кислоты моно- и диглицеридов жирных кислот,моно- и диацетил эфиры винной кислоты моно- и диглицеридов жирных кислот,E472e,Считаются безвредными,"E4xx Стабилизаторы, загустители, эмульгаторы",0
https://calorizator.ru/addon/e4xx/e472f,E472f Смешанные эфиры уксусной и винной кислот моно- и диглицеридов жирных кислот,смешанные эфиры уксусной и винной кислот моно- и диглицеридов жирных кислот,E472f,Считаются безвредными,"E4xx Стабилизаторы, загустители, эмульгаторы",0
https://calorizator.ru/addon/e4xx/e472g,E472g Моноглицериды янтарной кислоты,моноглицериды янтарной кислоты,E472g,Считаются безвредными,"E4xx Стабилизаторы, загустители, эмульгаторы",0
https://calorizator.ru/addon/e4xx/e473,E473 Эфиры сахарозы жирных кислот,эфиры сахарозы жирных кислот,E473,Нет данных,"E4xx Стабилизаторы, загустители, эмульгаторы",0
https://calorizator.ru/addon/e4xx/e474,E474 Сахароглицериды,сахароглицериды,E474,Нет данных,"E4xx Стабилизаторы, загустители, эмульгаторы",0
https://calorizator.ru/addon/e4xx/e475,E475 Эфиры полиглицеридов жирных кислот,эфиры полиглицеридов жирных кислот,E475,Нет данных,"E4xx Стабилизаторы, загустители, эмульгаторы",0
https://calorizator.ru/addon/e4xx/e476,"E476 Полиглицерин, полирицинолеаты","полиглицерин, полирицинолеаты",E476,Нет данных,"E4xx Стабилизаторы, загустители, эмульгаторы",0
https://calorizator.ru/addon/e4xx/e477,E477 Эфиры пропиленгликоля и жирных кислот,эфиры пропиленгликоля и жирных кислот,E477,Нет данных,"E4xx Стабилизаторы, загустители, эмульгаторы",0
https://calorizator.ru/addon/e4xx/e478,E478 Эфиры лактилированных жирных кислот глицерина и пропиленгликоля,эфиры лактилированных жирных кислот глицерина и пропиленгликоля,E478,Нет данных,"E4xx Стабилизаторы, загустители, эмульгаторы",0
https://calorizator.ru/addon/e4xx/e479b,E479b Термически окисленное соевое масло с моно- и диглицеридами жирных кислот,термически окисленное соевое масло с моно- и диглицеридами жирных кислот,E479b,Нет данных,"E4xx Стабилизаторы, загустители, эмульгаторы",0
https://calorizator.ru/addon/e4xx/e480,E480 Диоктилсульфосукцинат натрия,диоктилсульфосукцинат натрия,E480,Нет данных,"E4xx Стабилизаторы, загустители, эмульгаторы",0
https://calorizator.ru/addon/e4xx/e481,E481 Лактилаты натрия,лактилаты натрия,E481,Нет данных,"E4xx Стабилизаторы, загустители, эмульгаторы",0
https://calorizator.ru/addon/e4xx/e482,E482 Лактилаты кальция,лактилаты кальция,E482,Нет данных,"E4xx Стабилизаторы, загустители, эмульгаторы",0
https://calorizator.ru/addon/e4xx/e483,E483 Стеарилтартрат,стеарилтартрат,E483,Нет данных,"E4xx Стабилизаторы, загустители, эмульгаторы",0
https://calorizator.ru/addon/e4xx/e484,E484 Стеарилцитрат,стеарилцитрат,E484,Нет данных,"E4xx Стабилизаторы, загустители, эмульгаторы",0
https://calorizator.ru/addon/e4xx/e485,E485 Стеароилфумарат натрия,стеароилфумарат натрия,E485,Нет данных,"E4xx Стабилизаторы, загустители, эмульгаторы",0
https://calorizator.ru/addon/e4xx/e486,E486 Стеароилфумарат кальция,стеароилфумарат кальция,E486,Нет данных,"E4xx Стабилизаторы, загустители, эмульгаторы",0
https://calorizator.ru/addon/e4xx/e487,E487 Лаурилсульфат натрия,лаурилсульфат натрия,E487,Нет данных,"E4xx Стабилизаторы, загустители, эмульгаторы",0
https://calorizator.ru/addon/e4xx/e488,E488 Этоксилированные моно- и ди-глицериды,этоксилированные моно- и ди-глицериды,E488,Нет данных,"E4xx Стабилизаторы, загустители, эмульгаторы",0
https://calorizator.ru/addon/e4xx/e489,E489 Эфир кокосового масла и метилгдикозида,эфир кокосового масла и метилгдикозида,E489,Нет данных,"E4xx Стабилизаторы, загустители, эмульгаторы",0
https://calorizator.ru/addon/e4xx/e491,"E491 Сорбитан моностеарат, СПЭН 60","сорбитан моностеарат, спэн 60",E491,Нет данных,"E4xx Стабилизаторы, загустители, эмульгаторы",0
https://calorizator.ru/addon/e4xx/e492,E492 Сорбитан тристеарат,сорбитан тристеарат,E492,Нет данных,"E4xx Стабилизаторы, загустители, эмульгаторы",0
https://calorizator.ru/addon/e4xx/e493,"E493 Сорбитан монолаурат, СПЭН 20","сорбитан монолаурат, спэн 20",E493,Нет данных,"E4xx Стабилизаторы, загустители, эмульгаторы",0
https://calorizator.ru/addon/e4xx/e494,"E494 Сорбитан моноолеат, СПЭН 80","сорбитан моноолеат, спэн 80",E494,Нет данных,"E4xx Стабилизаторы, загустители, эмульгаторы",0
https://calorizator.ru/addon/e4xx/e495,"E495 Сорбитан монопальмитат, СПЭН 40","сорбитан монопальмитат, спэн 40",E495,Нет данных,"E4xx Стабилизаторы, загустители, эмульгаторы",0
https://calorizator.ru/addon/e4xx/e496,"E496 Сорбитан триолеат, СПЭН 85","сорбитан триолеат, спэн 85",E496,Нет данных,"E4xx Стабилизаторы, загустители, эмульгаторы",0
https://calorizator.ru/addon/e5xx/e500,E500 Карбонаты натрия,карбонаты натрия,E500,Нет данных,"E5xx Эмульгаторы, регуляторы рН и вещества против слёживания",0
https://calorizator.ru/addon/e5xx/e501,E501 Карбонаты калия,карбонаты калия,E501,Нет данных,"E5xx Эмульгаторы, регуляторы рН и вещества против слёживания",0
https://calorizator.ru/addon/e5xx/e503,E503 Карбонаты аммония,карбонаты аммония,E503,Нет данных,"E5xx Эмульгаторы, регуляторы рН и вещества против слёживания",0
https://calorizator.ru/addon/e5xx/e504,E504 Карбонаты магния,карбонаты магния,E504,Нет данных,"E5xx Эмульгаторы, регуляторы рН и вещества против слёживания",0
https://calorizator.ru/addon/e5xx/e505,E505 Карбонат железа,карбонат железа,E505,Нет данных,"E5xx Эмульгаторы, регуляторы рН и вещества против слёживания",0
https://calorizator.ru/addon/e5xx/e507,E507 Соляная кислота,соляная кислота,E507,Опасные для здоровья,"E5xx Эмульгаторы, регуляторы рН и вещества против слёживания",1
https://calorizator.ru/addon/e5xx/e508,E508 Хлорид калия,хлорид калия,E508,Нет данных,"E5xx Эмульгаторы, регуляторы рН и вещества против слёживания",0
https://calorizator.ru/addon/e5xx/e509,E509 Хлорид кальция,хлорид кальция,E509,Нет данных,"E5xx Эмульгаторы, регуляторы рН и вещества против слёживания",0
https://calorizator.ru/addon/e5xx/e510,E510 Хлорид аммония,хлорид аммония,E510,Нет данных,"E5xx Эмульгаторы, регуляторы рН и вещества против слёживания",0
https://calorizator.ru/addon/e5xx/e511,E511 Хлорид магния,хлорид магния,E511,Нет данных,"E5xx Эмульгаторы, регуляторы рН и вещества против слёживания",0
https://calorizator.ru/addon/e5xx/e512,E512 Хлорид олова (II),хлорид олова,E512,Нет данных,"E5xx Эмульгаторы, регуляторы рН и вещества против слёживания",0
https://calorizator.ru/addon/e5xx/e513,E513 Серная кислота,серная кислота,E513,Нет данных,"E5xx Эмульгаторы, регуляторы рН и вещества против слёживания",0
https://calorizator.ru/addon/e5xx/e514,E514 Сульфаты натрия,сульфаты натрия,E514,Нет данных,"E5xx Эмульгаторы, регуляторы рН и вещества против слёживания",0
https://calorizator.ru/addon/e5xx/e515,E515 Сульфаты калия,сульфаты калия,E515,Нет данных,"E5xx Эмульгаторы, регуляторы рН и вещества против слёживания",0
https://calorizator.ru/addon/e5xx/e516,E516 Сульфат кальция,сульфат кальция,E516,Нет данных,"E5xx Эмульгаторы, регуляторы рН и вещества против слёживания",0
https://calorizator.ru/addon/e5xx/e517,E517 Сульфат аммония,сульфат аммония,E517,Нет данных,"E5xx Эмульгаторы, регуляторы рН и вещества против слёживания",0
https://calorizator.ru/addon/e5xx/e518,E518 Сульфат магния,сульфат магния,E518,Нет данных,"E5xx Эмульгаторы, регуляторы рН и вещества против слёживания",0
https://calorizator.ru/addon/e5xx/e519,E519 Сульфат меди,сульфат меди,E519,Нет данных,"E5xx Эмульгаторы, регуляторы рН и вещества против слёживания",0
https://calorizator.ru/addon/e5xx/e520,E520 Сульфат алюминия,сульфат алюминия,E520,Нет данных,"E5xx Эмульгаторы, регуляторы рН и вещества против слёживания",0
https://calorizator.ru/addon/e5xx/e521,E521 Сульфат алюминия-натрия (алюмонатриевые квасцы),сульфат алюминия-натрия,E521,Нет данных,"E5xx Эмульгаторы, регуляторы рН и вещества против слёживания",0
https://calorizator.ru/addon/e5xx/e522,E522 Сульфат алюминия-калия (алюмокалиевые квасцы),сульфат алюминия-калия,E522,Нет данных,"E5xx Эмульгаторы, регуляторы рН и вещества против слёживания",0
https://calorizator.ru/addon/e5xx/e523,E523 Сульфат алюминия-аммония (алюмоаммиачные квасцы),сульфат алюминия-аммония,E523,Нет данных,"E5xx Эмульгаторы, регуляторы рН и вещества против слёживания",0
https://calorizator.ru/addon/e5xx/e524,E524 Гидроксид натрия,гидроксид натрия,E524,Нет данных,"E5xx Эмульгаторы, регуляторы рН и вещества против слёживания",0
https://calorizator.ru/addon/e5xx/e525,E525 Гидроксид калия,гидроксид калия,E525,Нет данных,"E5xx Эмульгаторы, регуляторы рН и вещества против слёживания",0
https://calorizator.ru/addon/e5xx/e526,E526 Гидроксид кальция,гидроксид кальция,E526,Нет данных,"E5xx Эмульгаторы, регуляторы рН и вещества против слёживания",0
https://calorizator.ru/addon/e5xx/e527,E527 Гидроксид аммония,гидроксид аммония,E527,Нет данных,"E5xx Эмульгаторы, регуляторы рН и вещества против слёживания",0
https://calorizator.ru/addon/e5xx/e528,E528 Гидроксид магния,гидроксид магния,E528,Нет данных,"E5xx Эмульгаторы, регуляторы рН и вещества против слёживания",0
https://calorizator.ru/addon/e5xx/e529,E529 Оксид кальция,оксид кальция,E529,Нет данных,"E5xx Эмульгаторы, регуляторы рН и вещества против слёживания",0
https://calorizator.ru/addon/e5xx/e530,E530 Оксид магния,оксид магния,E530,Нет данных,"E5xx Эмульгаторы, регуляторы рН и вещества против слёживания",0
https://calorizator.ru/addon/e5xx/e535,E535 Ферроцианид натрия,ферроцианид натрия,E535,Нет данных,"E5xx Эмульгаторы, регуляторы рН и вещества против слёживания",0
https://calorizator.ru/addon/e5xx/e536,E536 Ферроцианид калия,ферроцианид калия,E536,Нет данных,"E5xx Эмульгаторы, регуляторы рН и вещества против слёживания",0
https://calorizator.ru/addon/e5xx/e537,E537 Гексацианоманганат железа,гексацианоманганат железа,E537,Нет данных,"E5xx Эмульгаторы, регуляторы рН и вещества против слёживания",0
https://calorizator.ru/addon/e5xx/e538,E538 Ферроцианид кальция,ферроцианид кальция,E538,Нет данных,"E5xx Эмульгаторы, регуляторы рН и вещества против слёживания",0
https://calorizator.ru/addon/e5xx/e539,E539 Тиосульфат натрия,тиосульфат натрия,E539,Нет данных,"E5xx Эмульгаторы, регуляторы рН и вещества против слёживания",0
https://calorizator.ru/addon/e5xx/e540,E540 Дикальция дифосфат,дикальция дифосфат,E540,Нет данных,"E5xx Эмульгаторы, регуляторы рН и вещества против слёживания",0
https://calorizator.ru/addon/e5xx/e541,E541 Алюмофосфат натрия,алюмофосфат натрия,E541,Нет данных,"E5xx Эмульгаторы, регуляторы рН и вещества против слёживания",0
https://calorizator.ru/addon/e5xx/e542,E542 Фосфат натрия,фосфат натрия,E542,Считаются безвредными,"E5xx Эмульгаторы, регуляторы рН и вещества против слёживания",0
https://calorizator.ru/addon/e5xx/e543,E543 Полифосфат кальция-натрия,полифосфат кальция-натрия,E543,Нет данных,"E5xx Эмульгаторы, регуляторы рН и вещества против слёживания",0
https://calorizator.ru/addon/e5xx/e544,E544 Полифосфат кальция,полифосфат кальция,E544,Нет данных,"E5xx Эмульгаторы, регуляторы рН и вещества против слёживания",0
https://calorizator.ru/addon/e5xx/e545,E545 Полифосфат аммония,полифосфат аммония,E545,Нет данных,"E5xx Эмульгаторы, регуляторы рН и вещества против слёживания",0
https://calorizator.ru/addon/e5xx/e550,E550 Силикаты натрия,силикаты натрия,E550,Нет данных,"E5xx Эмульгаторы, регуляторы рН и вещества против слёживания",0
https://calorizator.ru/addon/e5xx/e551,E551 Диоксид кремния,диоксид кремния,E551,Нет данных,"E5xx Эмульгаторы, регуляторы рН и вещества против слёживания",0
https://calorizator.ru/addon/e5xx/e552,E552 Силикат кальция,силикат кальция,E552,Нет данных,"E5xx Эмульгаторы, регуляторы рН и вещества против слёживания",0
https://calorizator.ru/addon/e5xx/e553a,E553a Силикат магния,силикат магния,E553a,Нет данных,"E5xx Эмульгаторы, регуляторы рН и вещества против слёживания",0
https://calorizator.ru/addon/e5xx/e553b,E553b Тальк,тальк,E553b,Считаются безвредными,"E5xx Эмульгаторы, регуляторы рН и вещества против слёживания",0
https://calorizator.ru/addon/e5xx/e554,E554 Алюмосиликат натрия,алюмосиликат натрия,E554,Нет данных,"E5xx Эмульгаторы, регуляторы рН и вещества против слёживания",0
https://calorizator.ru/addon/e5xx/e555,E555 Алюмосиликат калия,алюмосиликат калия,E555,Нет данных,"E5xx Эмульгаторы, регуляторы рН и вещества против слёживания",0
https://calorizator.ru/addon/e5xx/e556,E556 Алюмосиликат кальция,алюмосиликат кальция,E556,Нет данных,"E5xx Эмульгаторы, регуляторы рН и вещества против слёживания",0
https://calorizator.ru/addon/e5xx/e557,E557 Силикат цинка,силикат цинка,E557,Нет данных,"E5xx Эмульгаторы, регуляторы рН и вещества против слёживания",0
https://calorizator.ru/addon/e5xx/e558,E558 Бентонит,бентонит,E558,Нет данных,"E5xx Эмульгаторы, регуляторы рН и вещества против слёживания",0
https://calorizator.ru/addon/e5xx/e559,E559 Алюмосиликат (каолин),алюмосиликат,E559,Нет данных,"E5xx Эмульгаторы, регуляторы рН и вещества против слёживания",0
https://calorizator.ru/addon/e5xx/e560,E560 Силикат калия,силикат калия,E560,Нет данных,"E5xx Эмульгаторы, регуляторы рН и вещества против слёживания",0
https://calorizator.ru/addon/e5xx/e570,E570 Жирные кислоты,жирные кислоты,E570,Нет данных,"E5xx Эмульгаторы, регуляторы рН и вещества против слёживания",0
https://calorizator.ru/addon/e5xx/e572,"E572 Стеарат магния, кальция","стеарат магния, кальция",E572,Нет данных,"E5xx Эмульгаторы, регуляторы рН и вещества против слёживания",0
https://calorizator.ru/addon/e5xx/e574,E574 Глюконовая кислота (D-),глюконовая кислота,E574,Нет данных,"E5xx Эмульгаторы, регуляторы рН и вещества против слёживания",0
https://calorizator.ru/addon/e5xx/e575,E575 Глюконо-d-лактон,глюконо-d-лактон,E575,Нет данных,"E5xx Эмульгаторы, регуляторы рН и вещества против слёживания",0
https://calorizator.ru/addon/e5xx/e576,E576 Глюконат натрия,глюконат натрия,E576,Опасные для здоровья,"E5xx Эмульгаторы, регуляторы рН и вещества против слёживания",1
https://calorizator.ru/addon/e5xx/e577,E577 Глюконат калия,глюконат калия,E577,Нет данных,"E5xx Эмульгаторы, регуляторы рН и вещества против слёживания",0
https://calorizator.ru/addon/e5xx/e578,E578 Глюконат кальция,глюконат кальция,E578,Нет данных,"E5xx Эмульгаторы, регуляторы рН и вещества против слёживания",0
https://calorizator.ru/addon/e5xx/e579,E579 Глюконат железа,глюконат железа,E579,Нет данных,"E5xx Эмульгаторы, регуляторы рН и вещества против слёживания",0
https://calorizator.ru/addon/e5xx/e580,E580 Глюконат магния,глюконат магния,E580,Нет данных,"E5xx Эмульгаторы, регуляторы рН и вещества против слёживания",0
https://calorizator.ru/addon/e5xx/e585,E585 Лактат железа,лактат железа,E585,Нет данных,"E5xx Эмульгаторы, регуляторы рН и вещества против слёживания",0
https://calorizator.ru/addon/e5xx/e586,E586 4-Гексилрезорцин,4-гексилрезорцин,E586,Нет данных,"E5xx Эмульгаторы, регуляторы рН и вещества против слёживания",0
https://calorizator.ru/addon/e6xx/e620,E620 Глутаминовая кислота,глутаминовая кислота,E620,Нет данных,"E6xx Усилители вкуса и аромата, ароматизаторы",0
https://calorizator.ru/addon/e6xx/e621,E621 Глутамат натрия,глутамат натрия,E621,Нет данных,"E6xx Усилители вкуса и аромата, ароматизаторы",0
https://calorizator.ru/addon/e6xx/e622,E622 Глутамат калия однозамещенный,глутамат калия однозамещенный,E622,Нет данных,"E6xx Усилители вкуса и аромата, ароматизаторы",0
https://calorizator.ru/addon/e6xx/e623,E623 Диглутамат кальция,диглутамат кальция,E623,Нет данных,"E6xx Усилители вкуса и аромата, ароматизаторы",0
https://calorizator.ru/addon/e6xx/e624,E624 Глутамат аммония однозамещенный,глутамат аммония однозамещенный,E624,Нет данных,"E6xx Усилители вкуса и аромата, ароматизаторы",0
https://calorizator.ru/addon/e6xx/e625,E625 Глутамат магния,глутамат магния,E625,Нет данных,"E6xx Усилители вкуса и аромата, ароматизаторы",0
https://calorizator.ru/addon/e6xx/e626,E626 Гуаниловая кислота,гуаниловая кислота,E626,Нет данных,"E6xx Усилители вкуса и аромата, ароматизаторы",0
https://calorizator.ru/addon/e6xx/e627,"E627 5""-Гуанилат натрия двузамещенный","5""-гуанилат натрия двузамещенный",E627,Нет данных,"E6xx Усилители вкуса и аромата, ароматизаторы",0
https://calorizator.ru/addon/e6xx/e628,"E628 5""-Гуанилат калия двузамещенный","5""-гуанилат калия двузамещенный",E628,Нет данных,"E6xx Усилители вкуса и аромата, ароматизаторы",0
https://calorizator.ru/addon/e6xx/e629,"E629 5""-Гуанилат кальция","5""-гуанилат кальция",E629,Нет данных,"E6xx Усилители вкуса и аромата, ароматизаторы",0
https://calorizator.ru/addon/e6xx/e630,E630 Инозиновая кислота,инозиновая кислота,E630,Нет данных,"E6xx Усилители вкуса и аромата, ароматизаторы",0
https://calorizator.ru/addon/e6xx/e631,"E631 5""-Инозинат натрия двузамещенный","5""-инозинат натрия двузамещенный",E631,Нет данных,"E6xx Усилители вкуса и аромата, ароматизаторы",0
https://calorizator.ru/addon/e6xx/e632,E632 Инозинат калия,инозинат калия,E632,Нет данных,"E6xx Усилители вкуса и аромата, ароматизаторы",0
https://calorizator.ru/addon/e6xx/e633,E633 5’-Инозинат кальция,5’-инозинат кальция,E633,Нет данных,"E6xx Усилители вкуса и аромата, ароматизаторы",0
https://calorizator.ru/addon/e6xx/e634,E634 5’-Рибунуклеотиды кальция,5’-рибунуклеотиды кальция,E634,Нет данных,"E6xx Усилители вкуса и аромата, ароматизаторы",0
https://calorizator.ru/addon/e6xx/e635,E635 5'-Рибунуклеотиды натрия двузамещенные,5'-рибунуклеотиды натрия двузамещенные,E635,Нет данных,"E6xx Усилители вкуса и аромата, ароматизаторы",0
https://calorizator.ru/addon/e6xx/e636,E636 Мальтол,мальтол,E636,Нет данных,"E6xx Усилители вкуса и аромата, ароматизаторы",0
https://calorizator.ru/addon/e6xx/e637,E637 Этилмальтол,этилмальтол,E637,Нет данных,"E6xx Усилители вкуса и аромата, ароматизаторы",0
https://calorizator.ru/addon/e6xx/e640,E640 Глицин и его соли натрия,глицин и его соли натрия,E640,Нет данных,"E6xx Усилители вкуса и аромата, ароматизаторы",0
https://calorizator.ru/addon/e6xx/e641,E641 L-лейцин,l-лейцин,E641,Нет данных,"E6xx Усилители вкуса и аромата, ароматизаторы",0
https://calorizator.ru/addon/e6xx/e642,E642 Лизин гидрохлорид,лизин гидрохлорид,E642,Нет данных,"E6xx Усилители вкуса и аромата, ароматизаторы",0
https://calorizator.ru/addon/e6xx/e650,E650 Ацетат цинка,ацетат цинка,E650,Нет данных,"E6xx Усилители вкуса и аромата, ароматизаторы",0
https://calorizator.ru/addon/e9xx/e900,E900 Диметилполисилоксан,диметилполисилоксан,E900,Нет данных,"E9xx Антифламинги, глазирующие агенты",0
https://calorizator.ru/addon/e9xx/e901,"E901 Пчелиный воск, белый и желтый","пчелиный воск, белый и желтый",E901,Считаются безвредными,"E9xx Антифламинги, глазирующие агенты",0
https://calorizator.ru/addon/e9xx/e902,E902 Воск свечной,воск свечной,E902,Считаются безвредными,"E9xx Антифламинги, глазирующие агенты",0
https://calorizator.ru/addon/e9xx/e903,E903 Воск карнаубский,воск карнаубский,E903,Считаются безвредными,"E9xx Антифламинги, глазирующие агенты",0
https://calorizator.ru/addon/e9xx/e904,E904 Шеллак,шеллак,E904,Нет данных,"E9xx Антифламинги, глазирующие агенты",0
https://calorizator.ru/addon/e9xx/e905,E905 Парафины,парафины,E905,Нет данных,"E9xx Антифламинги, глазирующие агенты",0
https://calorizator.ru/addon/e9xx/e905a,E905a Вазелиновое масло пищевое,вазелиновое масло пищевое,E905a,Не для пищевых продуктов,"E9xx Антифламинги, глазирующие агенты",0
https://calorizator.ru/addon/e9xx/e905b,E905b Вазелин,вазелин,E905b,Не для пищевых продуктов,"E9xx Антифламинги, глазирующие агенты",0
https://calorizator.ru/addon/e9xx/e905c,E905c Парафин,парафин,E905c,Считаются безвредными,"E9xx Антифламинги, глазирующие агенты",0
https://calorizator.ru/addon/e9xx/e905d,E905d Минеральное масло высокой вязкости,минеральное масло высокой вязкости,E905d,Нет данных,"E9xx Антифламинги, глазирующие агенты",0
https://calorizator.ru/addon/e9xx/e905e,"E905e Минеральное масло средней и низкой вязкости, класс I","минеральное масло средней и низкой вязкости, класс i",E905e,Нет данных,"E9xx Антифламинги, глазирующие агенты",0
https://calorizator.ru/addon/e9xx/e906,E906 Бензойная смола,бензойная смола,E906,Не для пищевых продуктов,"E9xx Антифламинги, глазирующие агенты",0
https://calorizator.ru/addon/e9xx/e907,E907 Кристаллический воск,кристаллический воск,E907,Нет данных,"E9xx Антифламинги, глазирующие агенты",0
https://calorizator.ru/addon/e9xx/e908,E908 Воск рисовых отрубей,воск рисовых отрубей,E908,Нет данных,"E9xx Антифламинги, глазирующие агенты",0
https://calorizator.ru/addon/e9xx/e909,E909 Спермацетовый воск,спермацетовый воск,E909,Нет данных,"E9xx Антифламинги, глазирующие агенты",0
https://calorizator.ru/addon/e9xx/e910,E910 Восковые эфиры,восковые эфиры,E910,Нет данных,"E9xx Антифламинги, глазирующие агенты",0
https://calorizator.ru/addon/e9xx/e911,E911 Метиловые эфиры жирных кислот,метиловые эфиры жирных кислот,E911,Нет данных,"E9xx Антифламинги, глазирующие агенты",0
https://calorizator.ru/addon/e9xx/e912,E912 Эфиры монтановой (октакозановой) кислоты,эфиры монтановой,E912,Нет данных,"E9xx Антифламинги, глазирующие агенты",0
https://calorizator.ru/addon/e9xx/e913,E913 Ланолин,ланолин,E913,Считаются безвредными,"E9xx Антифламинги, глазирующие агенты",0
https://calorizator.ru/addon/e9xx/e914,E914 Окисленный полиэтиленовый воск,окисленный полиэтиленовый воск,E914,Нет данных,"E9xx Антифламинги, глазирующие агенты",0
https://calorizator.ru/addon/e9xx/e915,E915 Эфир канифоли,эфир канифоли,E915,Нет данных,"E9xx Антифламинги, глазирующие агенты",0
https://calorizator.ru/addon/e9xx/e916,E916 Кальция йодат,кальция йодат,E916,Нет данных,"E9xx Антифламинги, глазирующие агенты",0
https://calorizator.ru/addon/e9xx/e917,E917 Калия йодат,калия йодат,E917,Нет данных,"E9xx Антифламинги, глазирующие агенты",0
https://calorizator.ru/addon/e9xx/e918,E918 Оксиды азота,оксиды азота,E918,Нет данных,"E9xx Антифламинги, глазирующие агенты",0
https://calorizator.ru/addon/e9xx/e919,E919 Нитрозил хлорид,нитрозил хлорид,E919,Опасные для здоровья,"E9xx Антифламинги, глазирующие агенты",1
https://calorizator.ru/addon/e9xx/e920,"E920 Цистеин, L- и его гидрохлориды — натриевая и калиевая соли","цистеин, l- и его гидрохлориды — натриевая и калиевая соли",E920,Нет данных,"E9xx Антифламинги, глазирующие агенты",0
https://calorizator.ru/addon/e9xx/e921,"E921 Цистин, L- и его гидрохлориды — натриевая и калиевая соли","цистин, l- и его гидрохлориды — натриевая и калиевая соли",E921,Нет данных,"E9xx Антифламинги, глазирующие агенты",0
https://calorizator.ru/addon/e9xx/e922,E922 Персульфат калия,персульфат калия,E922,Нет данных,"E9xx Антифламинги, глазирующие агенты",0
https://calorizator.ru/addon/e9xx/e923,E923 Персульфат аммония,персульфат аммония,E923,Нет данных,"E9xx Антифламинги, глазирующие агенты",0
https://calorizator.ru/addon/e9xx/e924,E924 Бромат калия,бромат калия,E924,Запрещенные,"E9xx Антифламинги, глазирующие агенты",1
https://calorizator.ru/addon/e9xx/e924b,E924b Бромат кальция,бромат кальция,E924b,Запрещенные,"E9xx Антифламинги, глазирующие агенты",1
https://calorizator.ru/addon/e9xx/e925,E925 Хлор,хлор,E925,Опасные для здоровья,"E9xx Антифламинги, глазирующие агенты",1
https://calorizator.ru/addon/e9xx/e926,E926 Диоксид хлора,диоксид хлора,E926,Нет данных,"E9xx Антифламинги, глазирующие агенты",0
https://calorizator.ru/addon/e9xx/e927a,E927a Азодикарбонамид,азодикарбонамид,E927a,Не для пищевых продуктов,"E9xx Антифламинги, глазирующие агенты",0
https://calorizator.ru/addon/e9xx/e927b,E927b Карбамид (мочевина),карбамид,E927b,Нет данных,"E9xx Антифламинги, глазирующие агенты",0
https://calorizator.ru/addon/e9xx/e928,E928 Пероксид бензоила,пероксид бензоила,E928,Нет данных,"E9xx Антифламинги, глазирующие агенты",0
https://calorizator.ru/addon/e9xx/e929,E929 Перекись ацетона,перекись ацетона,E929,Нет данных,"E9xx Антифламинги, глазирующие агенты",0
https://calorizator.ru/addon/e9xx/e930,E930 Пероксид кальция,пероксид кальция,E930,Нет данных,"E9xx Антифламинги, глазирующие агенты",0
https://calorizator.ru/addon/e9xx/e938,E938 Аргон,аргон,E938,Нет данных,"E9xx Антифламинги, глазирующие агенты",0
https://calorizator.ru/addon/e9xx/e939,E939 Гелий,гелий,E939,Нет данных,"E9xx Антифламинги, глазирующие агенты",0
https://calorizator.ru/addon/e9xx/e940,"E940 Дихлордифторметан, хладон-12","дихлордифторметан, хладон-12",E940,Не для пищевых продуктов,"E9xx Антифламинги, глазирующие агенты",0
https://calorizator.ru/addon/e9xx/e941,E941 Азот,азот,E941,Нет данных,"E9xx Антифламинги, глазирующие агенты",0
https://calorizator.ru/addon/e9xx/e942,E942 Закись азота,закись азота,E942,Нет данных,"E9xx Антифламинги, глазирующие агенты",0
https://calorizator.ru/addon/e9xx/e943a,E943a Бутан,бутан,E943a,Нет данных,"E9xx Антифламинги, глазирующие агенты",0
https://calorizator.ru/addon/e9xx/e943b,E943b Изобутан,изобутан,E943b,Нет данных,"E9xx Антифламинги, глазирующие агенты",0
https://calorizator.ru/addon/e9xx/e944,E944 Пропан,пропан,E944,Нет данных,"E9xx Антифламинги, глазирующие агенты",0
https://calorizator.ru/addon/e9xx/e945,E945 Хлопентафторэтан,хлопентафторэтан,E945,Не для пищевых продуктов,"E9xx Антифламинги, глазирующие агенты",0
https://calorizator.ru/addon/e9xx/e946,E946 Октафторциклобутан,октафторциклобутан,E946,Не для пищевых продуктов,"E9xx Антифламинги, глазирующие агенты",0
https://calorizator.ru/addon/e9xx/e948,E948 Кислород,кислород,E948,Нет данных,"E9xx Антифламинги, глазирующие агенты",0
https://calorizator.ru/addon/e9xx/e949,E949 Водород,водород,E949,Нет данных,"E9xx Антифламинги, глазирующие агенты",0
https://calorizator.ru/addon/e9xx/e950,E950 Ацесульфам калия,ацесульфам калия,E950,Нет данных,"E9xx Антифламинги, глазирующие агенты",0
https://calorizator.ru/addon/e9xx/e951,E951 Аспартам,аспартам,E951,Опасные для здоровья,"E9xx Антифламинги, глазирующие агенты",1
https://calorizator.ru/addon/e9xx/e952,"E952 Цикламовая кислота и ее натриевые, калиевые и кальциевые соли","цикламовая кислота и ее натриевые, калиевые и кальциевые соли",E952,Опасные для здоровья,"E9xx Антифламинги, глазирующие агенты",1
https://calorizator.ru/addon/e9xx/e953,"E953 Изомальт, изомальтит","изомальт, изомальтит",E953,Нет данных,"E9xx Антифламинги, глазирующие агенты",0
https://calorizator.ru/addon/e9xx/e954,"E954 Сахарин и его натриевые, калиевые и кальциевые соли","сахарин и его натриевые, калиевые и кальциевые соли",E954,Считаются безвредными,"E9xx Антифламинги, глазирующие агенты",0
https://calorizator.ru/addon/e9xx/e955,E955 Сукралоза (трихлоргалактосахароза),сукралоза,E955,Считаются безвредными,"E9xx Антифламинги, глазирующие агенты",0
https://calorizator.ru/addon/e9xx/e956,E956 Алитам,алитам,E956,Нет данных,"E9xx Антифламинги, глазирующие агенты",0
https://calorizator.ru/addon/e9xx/e957,E957 Тауматин,тауматин,E957,Нет данных,"E9xx Антифламинги, глазирующие агенты",0
https://calorizator.ru/addon/e9xx/e958,E958 Глицирризин,глицирризин,E958,Не для пищевых продуктов,"E9xx Антифламинги, глазирующие агенты",0
https://calorizator.ru/addon/e9xx/e959,E959 Неогесперидин дигидрохалкон,неогесперидин дигидрохалкон,E959,Нет данных,"E9xx Антифламинги, глазирующие агенты",0
https://calorizator.ru/addon/e9xx/e960,E960 Стевиозид,стевиозид,E960,Нет данных,"E9xx Антифламинги, глазирующие агенты",0
https://calorizator.ru/addon/e9xx/e961,E961 Неотам,неотам,E961,Нет данных,"E9xx Антифламинги, глазирующие агенты",0
https://calorizator.ru/addon/e9xx/e962,E962 Аспартам-ацесульфама соль,аспартам-ацесульфама соль,E962,Нет данных,"E9xx Антифламинги, глазирующие агенты",0
https://calorizator.ru/addon/e9xx/e965,"E965 Мальтит, мальтитный сироп","мальтит, мальтитный сироп",E965,Нет данных,"E9xx Антифламинги, глазирующие агенты",0
https://calorizator.ru/addon/e9xx/e966,E966 Лактит,лактит,E966,Считаются безвредными,"E9xx Антифламинги, глазирующие агенты",0
https://calorizator.ru/addon/e9xx/e967,E967 Ксилит,ксилит,E967,Нет данных,"E9xx Антифламинги, глазирующие агенты",0
https://calorizator.ru/addon/e9xx/e968,E968 Эритрит,эритрит,E968,Нет данных,"E9xx Антифламинги, глазирующие агенты",0
https://calorizator.ru/addon/e9xx/e999,E999 Экстракт Квиллайи,экстракт квиллайи,E999,Нет данных,"E9xx Антифламинги, глазирующие агенты",0
https://calorizator.ru/addon/e10xx/e1000,E1000 Холевая кислота,холевая кислота,E1000,Нет данных,E1xxx Дополнительные вещества,0
https://calorizator.ru/addon/e10xx/e1001,"E1001 Холин, соли и эфиры","холин, соли и эфиры",E1001,Нет данных,E1xxx Дополнительные вещества,0
https://calorizator.ru/addon/e10xx/e1100,E1100 Амилазы,амилазы,E1100,Не для пищевых продуктов,E1xxx Дополнительные вещества,0
https://calorizator.ru/addon/e10xx/e1101,E1101 Протеазы,протеазы,E1101,Не для пищевых продуктов,E1xxx Дополнительные вещества,0
https://calorizator.ru/addon/e10xx/e1102,E1102 Глюкозооксидаза,глюкозооксидаза,E1102,Не для пищевых продуктов,E1xxx Дополнительные вещества,0
https://calorizator.ru/addon/e10xx/e1103,E1103 Инвертазы,инвертазы,E1103,Нет данных,E1xxx Дополнительные вещества,0
https://calorizator.ru/addon/e10xx/e1104,E1104 Липазы,липазы,E1104,Не для пищевых продуктов,E1xxx Дополнительные вещества,0
https://calorizator.ru/addon/e10xx/e1105,E1105 Лизоцим,лизоцим,E1105,Нет данных,E1xxx Дополнительные вещества,0
https://calorizator.ru/addon/e10xx/e1200,E1200 Полидекстроза,полидекстроза,E1200,Опасные для здоровья,E1xxx Дополнительные вещества,1
https://calorizator.ru/addon/e10xx/e1201,E1201 Поливинилпирролидон,поливинилпирролидон,E1201,Нет данных,E1xxx Дополнительные вещества,0
https://calorizator.ru/addon/e10xx/e1202,E1202 Поливинилполипирролидон,поливинилполипирролидон,E1202,Нет данных,E1xxx Дополнительные вещества,0
https://calorizator.ru/addon/e10xx/e1203,E1203 Поливиниловый спирт,поливиниловый спирт,E1203,Нет данных,E1xxx Дополнительные вещества,0
https://calorizator.ru/addon/e10xx/e1204,E1204 Пуллулан,пуллулан,E1204,Нет данных,E1xxx Дополнительные вещества,0
https://calorizator.ru/addon/e10xx/e1400,"E1400 Декстрины, крахмал, обработанный термически, белый и желтый","декстрины, крахмал, обработанный термически, белый и желтый",E1400,Нет данных,E1xxx Дополнительные вещества,0
https://calorizator.ru/addon/e10xx/e1401,"E1401 Крахмал, обработанный кислотой","крахмал, обработанный кислотой",E1401,Нет данных,E1xxx Дополнительные вещества,0
https://calorizator.ru/addon/e10xx/e1402,"E1402 Крахмал, обработанный щелочью","крахмал, обработанный щелочью",E1402,Нет данных,E1xxx Дополнительные вещества,0
https://calorizator.ru/addon/e10xx/e1403,E1403 Крахмал отбеленный,крахмал отбеленный,E1403,Нет данных,E1xxx Дополнительные вещества,0
https://calorizator.ru/addon/e10xx/e1404,E1404 Крахмал окисленный,крахмал окисленный,E1404,Нет данных,E1xxx Дополнительные вещества,0
https://calorizator.ru/addon/e10xx/e1405,"E1405 Крахмал, обработанный ферментными препаратами","крахмал, обработанный ферментными препаратами",E1405,Нет данных,E1xxx Дополнительные вещества,0
https://calorizator.ru/addon/e10xx/e1410,E1410 Монокрахмалфосфат,монокрахмалфосфат,E1410,Нет данных,E1xxx Дополнительные вещества,0
https://calorizator.ru/addon/e10xx/e1411,E1411 Дикрахмалглицерин сшитый,дикрахмалглицерин сшитый,E1411,Нет данных,E1xxx Дополнительные вещества,0
https://calorizator.ru/addon/e10xx/e1412,E1412 Дикрахмалфосфат,дикрахмалфосфат,E1412,Нет данных,E1xxx Дополнительные вещества,0
https://calorizator.ru/addon/e10xx/e1413,E1413 Фосфатированный дикрахмалфосфат сшитый,фосфатированный дикрахмалфосфат сшитый,E1413,Нет данных,E1xxx Дополнительные вещества,0
https://calorizator.ru/addon/e10xx/e1414,E1414 Дикрахмалфосфат ацетилированный сшитый,дикрахмалфосфат ацетилированный сшитый,E1414,Нет данных,E1xxx Дополнительные вещества,0
https://calorizator.ru/addon/e10xx/e1420,"E1420 Крахмал ацетатный, этерифицированный уксусным ангидридом","крахмал ацетатный, этерифицированный уксусным ангидридом",E1420,Нет данных,E1xxx Дополнительные вещества,0
https://calorizator.ru/addon/e10xx/e1421,"E1421 Крахмал ацетатный, этерифицированный винилацетатом","крахмал ацетатный, этерифицированный винилацетатом",E1421,Нет данных,E1xxx Дополнительные вещества,0
https://calorizator.ru/addon/e10xx/e1422,E1422 Дикрахмаладипат ацетилированный,дикрахмаладипат ацетилированный,E1422,Нет данных,E1xxx Дополнительные вещества,0
https://calorizator.ru/addon/e10xx/e1423,E1423 Дикрахмалглицерин ацетилированный,дикрахмалглицерин ацетилированный,E1423,Нет данных,E1xxx Дополнительные вещества,0
https://calorizator.ru/addon/e10xx/e1430,E1430 Дикрахмалглицерин,дикрахмалглицерин,E1430,Нет данных,E1xxx Дополнительные вещества,0
https://calorizator.ru/addon/e10xx/e1440,E1440 Крахмал оксипропилированный,крахмал оксипропилированный,E1440,Нет данных,E1xxx Дополнительные вещества,0
https://calorizator.ru/addon/e10xx/e1441,E1441 Гидроксипропил крахмала глицерин,гидроксипропил крахмала глицерин,E1441,Нет данных,E1xxx Дополнительные вещества,0
https://calorizator.ru/addon/e10xx/e1442,E1442 Дикрахмалфосфат оксипропилированный сшитый,дикрахмалфосфат оксипропилированный сшитый,E1442,Нет данных,E1xxx Дополнительные вещества,0
https://calorizator.ru/addon/e10xx/e1443,E1443 Дикрахмалглицерин оксипропилированный,дикрахмалглицерин оксипропилированный,E1443,Нет данных,E1xxx Дополнительные вещества,0
https://calorizator.ru/addon/e10xx/e1450,E1450 Крахмала и натриевой соли октенилянтарной кислоты эфир,крахмала и натриевой соли октенилянтарной кислоты эфир,E1450,Нет данных,E1xxx Дополнительные вещества,0
https://calorizator.ru/addon/e10xx/e1451,E1451 Ацетилированный окисленный крахмал,ацетилированный окисленный крахмал,E1451,Нет данных,E1xxx Дополнительные вещества,0
https://calorizator.ru/addon/e10xx/e1452,E1452 Крахмала и алюминиевой соли октенилянтарной кислоты эфир,крахмала и алюминиевой соли октенилянтарной кислоты эфир,E1452,Нет данных,E1xxx Дополнительные вещества,0
https://calorizator.ru/addon/e10xx/e1501,E1501 Бензилированный гидрокарбон,бензилированный гидрокарбон,E1501,Нет данных,E1xxx Дополнительные вещества,0
https://calorizator.ru/addon/e10xx/e1502,"E1502 Бутан-1, 3-диол","бутан-1, 3-диол",E1502,Нет данных,E1xxx Дополнительные вещества,0
https://calorizator.ru/addon/e10xx/e1503,E1503 Касторовое масло,касторовое масло,E1503,Нет данных,E1xxx Дополнительные вещества,0
https://calorizator.ru/addon/e10xx/e1504,E1504 Этилацетат,этилацетат,E1504,Нет данных,E1xxx Дополнительные вещества,0
https://calorizator.ru/addon/e10xx/e1505,E1505 Триэтилцитрат,триэтилцитрат,E1505,Нет данных,E1xxx Дополнительные вещества,0
https://calorizator.ru/addon/e10xx/e1510,E1510 Этанол,этанол,E1510,Нет данных,E1xxx Дополнительные вещества,0
https://calorizator.ru/addon/e10xx/e1516,E1516 Моноацетат глицерина,моноацетат глицерина,E1516,Нет данных,E1xxx Дополнительные вещества,0
https://calorizator.ru/addon/e10xx/e1517,E1517 Диацетат глицерина (диацетин),диацетат глицерина,E1517,Нет данных,E1xxx Дополнительные вещества,0
https://calorizator.ru/addon/e10xx/e1518,E1518 Триацетат глицерина (триацетин),триацетат глицерина,E1518,Нет данных,E1xxx Дополнительные вещества,0
https://calorizator.ru/addon/e10xx/e1519,E1519 Бензиловый спирт,бензиловый спирт,E1519,Нет данных,E1xxx Дополнительные вещества,0
https://calorizator.ru/addon/e10xx/e1520,E1520 Пропиленгликоль,пропиленгликоль,E1520,Нет данных,E1xxx Дополнительные вещества,0
https://calorizator.ru/addon/e10xx/e1521,E1521 Полиэтиленгликоль,полиэтиленгликоль,E1521,Нет данных,E1xxx Дополнительные вещества,0
https://calorizator.ru/addon/e10xx/e1525,E1525 Гидроксиэтилцеллюлоза,гидроксиэтилцеллюлоза,E1525,Нет данных,E1xxx Дополнительные вещества,0
